name	type	units
E1	n/a	n/a
E2	n/a	n/a
E3	n/a	n/a
E4	n/a	n/a
E5	n/a	n/a
E6	n/a	n/a
E7	n/a	n/a
E8	n/a	n/a
E9	n/a	n/a
E10	n/a	n/a
E11	n/a	n/a
E12	n/a	n/a
E13	n/a	n/a
E14	n/a	n/a
E15	n/a	n/a
E16	n/a	n/a
E17	n/a	n/a
E18	n/a	n/a
E19	n/a	n/a
E20	n/a	n/a
E21	n/a	n/a
E22	n/a	n/a
E23	n/a	n/a
E24	n/a	n/a
E25	n/a	n/a
E26	n/a	n/a
E27	n/a	n/a
E28	n/a	n/a
E29	n/a	n/a
E30	n/a	n/a
E31	n/a	n/a
E32	n/a	n/a
E33	n/a	n/a
E34	n/a	n/a
E35	n/a	n/a
E36	n/a	n/a
E37	n/a	n/a
E38	n/a	n/a
E39	n/a	n/a
E40	n/a	n/a
E41	n/a	n/a
E42	n/a	n/a
E43	n/a	n/a
E44	n/a	n/a
E45	n/a	n/a
E46	n/a	n/a
E47	n/a	n/a
E48	n/a	n/a
E49	n/a	n/a
E50	n/a	n/a
E51	n/a	n/a
E52	n/a	n/a
E53	n/a	n/a
E54	n/a	n/a
E55	n/a	n/a
E56	n/a	n/a
E57	n/a	n/a
E58	n/a	n/a
E59	n/a	n/a
E60	n/a	n/a
E61	n/a	n/a
E62	n/a	n/a
E63	n/a	n/a
E64	n/a	n/a
E65	n/a	n/a
E66	n/a	n/a
E67	n/a	n/a
E68	n/a	n/a
E69	n/a	n/a
E70	n/a	n/a
E71	n/a	n/a
E72	n/a	n/a
E73	n/a	n/a
E74	n/a	n/a
E75	n/a	n/a
E76	n/a	n/a
E77	n/a	n/a
E78	n/a	n/a
E79	n/a	n/a
E80	n/a	n/a
E81	n/a	n/a
E82	n/a	n/a
E83	n/a	n/a
E84	n/a	n/a
E85	n/a	n/a
E86	n/a	n/a
E87	n/a	n/a
E88	n/a	n/a
E89	n/a	n/a
E90	n/a	n/a
E91	n/a	n/a
E92	n/a	n/a
E93	n/a	n/a
E94	n/a	n/a
E95	n/a	n/a
E96	n/a	n/a
E97	n/a	n/a
E98	n/a	n/a
E99	n/a	n/a
E100	n/a	n/a
E101	n/a	n/a
E102	n/a	n/a
E103	n/a	n/a
E104	n/a	n/a
E105	n/a	n/a
E106	n/a	n/a
E107	n/a	n/a
E108	n/a	n/a
E109	n/a	n/a
E110	n/a	n/a
E111	n/a	n/a
E112	n/a	n/a
E113	n/a	n/a
E114	n/a	n/a
E115	n/a	n/a
E116	n/a	n/a
E117	n/a	n/a
E118	n/a	n/a
E119	n/a	n/a
E120	n/a	n/a
E121	n/a	n/a
E122	n/a	n/a
E123	n/a	n/a
E124	n/a	n/a
E125	n/a	n/a
E126	n/a	n/a
E127	n/a	n/a
E128	n/a	n/a
Cz	n/a	n/a
